ID,NAME,AGE,AGE,AGE,AGE,AGE,AGE
528,,,,,,,
528,,,,,,,
528,,,,,,,
528,,,,,,,
528,,,,,,,
528,,,,,,,
528,,,,,,,
528,,,,,,,
528,,,,,,,
528,,,,,,,
528,,,,,,,
528,,,,,,,
528,,,,,,,
528,,,,,,,
528,,,,,,,
528,,,,,,,
528,,,,,,,
528,,,,,,,
528,,,,,,,
528,,,,,,,
528,,,,,,,
528,,,,,,,
528,,,,,,,
528,,,,,,,
528,,,,,,,
528,,,,,,,
528,,,,,,,
528,,,,,,,
528,,,,,,,
528,,,,,,,
528,,,,,,,
528,,,,,,,
528,,,,,,,
528,,,,,,,
528,,,,,,,
528,,,,,,,
528,,,,,,,
528,,,,,,,
528,,,,,,,
528,,,,,,,
528,,,,,,,
528,,,,,,,
528,,,,,,,
528,,,,,,,
528,,,,,,,
528,,,,,,,
528,,,,,,,
528,,,,,,,
528,,,,,,,
528,,,,,,,
528,,,,,,,
528,,,,,,,
528,,,,,,,
528,,,,,,,
528,,,,,,,
528,,,,,,,
528,,,,,,,
528,,,,,,,
528,,,,,,,
528,,,,,,,
528,,,,,,,
528,,,,,,,
528,,,,,,,
528,,,,,,,
528,,,,,,,
528,,,,,,,
528,,,,,,,
528,,,,,,,
528,,,,,,,
528,,,,,,,
528,,,,,,,
528,,,,,,,
528,,,,,,,
528,,,,,,,
528,,,,,,,
528,,,,,,,
528,,,,,,,
528,,,,,,,
528,,,,,,,
528,,,,,,,
528,,,,,,,
528,,,,,,,
528,,,,,,,
528,,,,,,,
528,,,,,,,
528,,,,,,,
528,,,,,,,
528,,,,,,,
528,,,,,,,
528,,,,,,,
528,,,,,,,
528,,,,,,,
528,,,,,,,
528,,,,,,,
528,,,,,,,
528,,,,,,,
528,,,,,,,
528,,,,,,,
528,,,,,,,
528,,,,,,,
528,,,,,,,
528,,,,,,,
528,,,,,,,
528,,,,,,,
528,,,,,,,
528,,,,,,,
528,,,,,,,
528,,,,,,,
528,,,,,,,
528,,,,,,,
528,,,,,,,
528,,,,,,,
528,,,,,,,
528,,,,,,,
528,,,,,,,
528,,,,,,,
528,,,,,,,
528,,,,,,,
528,,,,,,,
528,,,,,,,
528,,,,,,,
528,,,,,,,
528,,,,,,,
528,,,,,,,
528,,,,,,,
528,,,,,,,
528,,,,,,,
528,,,,,,,
528,,,,,,,
528,,,,,,,
528,,,,,,,
528,,,,,,,
528,,,,,,,
528,,,,,,,
528,,,,,,,
528,,,,,,,
528,,,,,,,
528,,,,,,,
528,,,,,,,
528,,,,,,,
528,,,,,,,
528,,,,,,,
528,,,,,,,
528,,,,,,,
528,,,,,,,
528,,,,,,,
528,,,,,,,
528,,,,,,,
528,,,,,,,
528,,,,,,,
528,,,,,,,
528,,,,,,,
528,,,,,,,
528,,,,,,,
528,,,,,,,
528,,,,,,,
528,,,,,,,
528,,,,,,,
528,,,,,,,
528,,,,,,,
528,,,,,,,
528,,,,,,,
528,,,,,,,
528,,,,,,,
528,,,,,,,
528,,,,,,,
528,,,,,,,
528,,,,,,,
528,,,,,,,
528,,,,,,,
528,,,,,,,
528,,,,,,,
528,,,,,,,
528,,,,,,,
528,,,,,,,
528,,,,,,,
528,,,,,,,
528,,,,,,,
528,,,,,,,
528,,,,,,,
528,,,,,,,
528,,,,,,,
528,,,,,,,
528,,,,,,,
528,,,,,,,
528,,,,,,,
528,,,,,,,
528,,,,,,,
528,,,,,,,
528,,,,,,,
528,,,,,,,
528,,,,,,,
528,,,,,,,
528,,,,,,,
528,,,,,,,
528,,,,,,,
528,,,,,,,
528,,,,,,,
528,,,,,,,
528,,,,,,,
528,,,,,,,
528,,,,,,,
528,,,,,,,
528,,,,,,,
528,,,,,,,
528,,,,,,,
528,,,,,,,
528,,,,,,,
528,,,,,,,
528,,,,,,,
528,,,,,,,
528,,,,,,,
528,,,,,,,
528,,,,,,,
528,,,,,,,
528,,,,,,,
528,,,,,,,
528,,,,,,,
528,,,,,,,
528,,,,,,,
528,,,,,,,
528,,,,,,,
528,,,,,,,
528,,,,,,,
528,,,,,,,
528,,,,,,,
528,,,,,,,
528,,,,,,,
528,,,,,,,
528,,,,,,,
528,,,,,,,
528,,,,,,,
528,,,,,,,
528,,,,,,,
528,,,,,,,
528,,,,,,,
528,,,,,,,
528,,,,,,,
528,,,,,,,
528,,,,,,,
528,,,,,,,
528,,,,,,,
528,,,,,,,
528,,,,,,,
528,,,,,,,
528,,,,,,,
528,,,,,,,
528,,,,,,,
528,,,,,,,
528,,,,,,,
528,,,,,,,
528,,,,,,,
528,,,,,,,
528,,,,,,,
528,,,,,,,
528,,,,,,,
528,,,,,,,
528,,,,,,,
528,,,,,,,
528,,,,,,,
528,,,,,,,
528,,,,,,,
528,,,,,,,
528,,,,,,,
528,,,,,,,
528,,,,,,,
528,,,,,,,
528,,,,,,,
528,,,,,,,
528,,,,,,,
528,,,,,,,
528,,,,,,,
528,,,,,,,
528,,,,,,,
528,,,,,,,
528,,,,,,,
528,,,,,,,
528,,,,,,,
528,,,,,,,
528,,,,,,,
528,,,,,,,
528,,,,,,,
528,,,,,,,
528,,,,,,,
528,,,,,,,
528,,,,,,,
528,,,,,,,
528,,,,,,,
528,,,,,,,
528,,,,,,,
528,,,,,,,
528,,,,,,,
528,,,,,,,
528,,,,,,,
528,,,,,,,
528,,,,,,,
528,,,,,,,
528,,,,,,,
528,,,,,,,
528,,,,,,,
528,,,,,,,
528,,,,,,,
528,,,,,,,
528,,,,,,,
528,,,,,,,
528,,,,,,,
528,,,,,,,
528,,,,,,,
528,,,,,,,
528,,,,,,,
528,,,,,,,
528,,,,,,,
528,,,,,,,
528,,,,,,,
528,,,,,,,
528,,,,,,,
528,,,,,,,
528,,,,,,,
528,,,,,,,
528,,,,,,,
528,,,,,,,
528,,,,,,,
528,,,,,,,
528,,,,,,,
528,,,,,,,
528,,,,,,,
528,,,,,,,
528,,,,,,,
528,,,,,,,
528,,,,,,,
528,,,,,,,
528,,,,,,,
528,,,,,,,
528,,,,,,,
528,,,,,,,
528,,,,,,,
528,,,,,,,
528,,,,,,,
528,,,,,,,
528,,,,,,,
528,,,,,,,
528,,,,,,,
528,,,,,,,
528,,,,,,,
528,,,,,,,
528,,,,,,,
528,,,,,,,
528,,,,,,,
528,,,,,,,
528,,,,,,,
528,,,,,,,
528,,,,,,,
528,,,,,,,
528,,,,,,,
528,,,,,,,
528,,,,,,,
528,,,,,,,
528,,,,,,,
528,,,,,,,
528,,,,,,,
528,,,,,,,
528,,,,,,,
528,,,,,,,
528,,,,,,,
528,,,,,,,
528,,,,,,,
528,,,,,,,
528,,,,,,,
528,,,,,,,
528,,,,,,,
528,,,,,,,
528,,,,,,,
528,,,,,,,
528,,,,,,,
528,,,,,,,
528,,,,,,,
528,,,,,,,
528,,,,,,,
528,,,,,,,
528,,,,,,,
528,,,,,,,
528,,,,,,,
528,,,,,,,
528,,,,,,,
528,,,,,,,
528,,,,,,,
528,,,,,,,
528,,,,,,,
528,,,,,,,
528,,,,,,,
528,,,,,,,
528,,,,,,,
528,,,,,,,
528,,,,,,,
528,,,,,,,
528,,,,,,,
528,,,,,,,
528,,,,,,,
528,,,,,,,
528,,,,,,,
528,,,,,,,
528,,,,,,,
528,,,,,,,
528,,,,,,,
528,,,,,,,
528,,,,,,,
528,,,,,,,
528,,,,,,,
528,,,,,,,
528,,,,,,,
528,,,,,,,
528,,,,,,,
528,,,,,,,
528,,,,,,,
528,,,,,,,
528,,,,,,,
528,,,,,,,
528,,,,,,,
528,,,,,,,
528,,,,,,,
528,,,,,,,
528,,,,,,,
528,,,,,,,
528,,,,,,,
528,,,,,,,
528,,,,,,,
528,,,,,,,
528,,,,,,,
528,,,,,,,
528,,,,,,,
528,,,,,,,
528,,,,,,,
528,,,,,,,
528,,,,,,,
528,,,,,,,
528,,,,,,,
528,,,,,,,
528,,,,,,,
528,,,,,,,
528,,,,,,,
528,,,,,,,
528,,,,,,,
528,,,,,,,
528,,,,,,,
528,,,,,,,
528,,,,,,,
528,,,,,,,
528,,,,,,,
528,,,,,,,
528,,,,,,,
528,,,,,,,
528,,,,,,,
528,,,,,,,
528,,,,,,,
528,,,,,,,
528,,,,,,,
528,,,,,,,
528,,,,,,,
528,,,,,,,
528,,,,,,,
528,,,,,,,
528,,,,,,,
528,,,,,,,
528,,,,,,,
528,,,,,,,
528,,,,,,,
528,,,,,,,
528,,,,,,,
528,,,,,,,
528,,,,,,,
528,,,,,,,
528,,,,,,,
528,,,,,,,
528,,,,,,,
528,,,,,,,
528,,,,,,,
528,,,,,,,
528,,,,,,,
528,,,,,,,
528,,,,,,,
528,,,,,,,
528,,,,,,,
528,,,,,,,
528,,,,,,,
528,,,,,,,
528,,,,,,,
528,,,,,,,
528,,,,,,,
528,,,,,,,
528,,,,,,,
528,,,,,,,
528,,,,,,,
528,,,,,,,
528,,,,,,,
528,,,,,,,
528,,,,,,,
528,,,,,,,
528,,,,,,,
528,,,,,,,
528,,,,,,,
528,,,,,,,
528,,,,,,,
528,,,,,,,
528,,,,,,,
528,,,,,,,
528,,,,,,,
528,,,,,,,
528,,,,,,,
528,,,,,,,
528,,,,,,,
528,,,,,,,
528,,,,,,,
528,,,,,,,
528,,,,,,,
528,,,,,,,
528,,,,,,,
528,,,,,,,
528,,,,,,,
528,,,,,,,
528,,,,,,,
528,,,,,,,
528,,,,,,,
528,,,,,,,
528,,,,,,,
528,,,,,,,
528,,,,,,,
528,,,,,,,
528,,,,,,,
528,,,,,,,
528,,,,,,,
528,,,,,,,
528,,,,,,,
528,,,,,,,
528,,,,,,,
528,,,,,,,
528,,,,,,,
528,,,,,,,
528,,,,,,,
528,,,,,,,
528,,,,,,,
528,,,,,,,
528,,,,,,,
528,,,,,,,
528,,,,,,,
528,,,,,,,
528,,,,,,,
528,,,,,,,
528,,,,,,,
528,,,,,,,
528,,,,,,,
528,,,,,,,
528,,,,,,,
528,,,,,,,
528,,,,,,,
528,,,,,,,
528,,,,,,,
528,,,,,,,
528,,,,,,,
528,,,,,,,
528,,,,,,,
528,,,,,,,
528,,,,,,,
528,,,,,,,
528,,,,,,,
528,,,,,,,
528,,,,,,,
528,,,,,,,
528,,,,,,,
528,,,,,,,
528,,,,,,,
528,,,,,,,
528,,,,,,,
528,,,,,,,
528,,,,,,,
528,,,,,,,
528,,,,,,,
528,,,,,,,
528,,,,,,,
528,,,,,,,
528,,,,,,,
528,,,,,,,
528,,,,,,,
528,,,,,,,
528,,,,,,,
528,,,,,,,
528,,,,,,,
528,,,,,,,
528,,,,,,,
528,,,,,,,
528,,,,,,,
528,,,,,,,
528,,,,,,,
528,,,,,,,
528,,,,,,,
528,,,,,,,
528,,,,,,,
528,,,,,,,
528,,,,,,,
528,,,,,,,
528,,,,,,,
528,,,,,,,
528,,,,,,,
528,,,,,,,
528,,,,,,,
528,,,,,,,
528,,,,,,,
528,,,,,,,
528,,,,,,,
528,,,,,,,
528,,,,,,,
528,,,,,,,
528,,,,,,,
528,,,,,,,
528,,,,,,,
528,,,,,,,
528,,,,,,,
528,,,,,,,
528,,,,,,,
528,,,,,,,
528,,,,,,,
528,,,,,,,
528,,,,,,,
528,,,,,,,
528,,,,,,,
528,,,,,,,
528,,,,,,,
528,,,,,,,
528,,,,,,,
528,,,,,,,
528,,,,,,,
528,,,,,,,
528,,,,,,,
528,,,,,,,
528,,,,,,,
528,,,,,,,
528,,,,,,,
528,,,,,,,
528,,,,,,,
528,,,,,,,
528,,,,,,,
528,,,,,,,
528,,,,,,,
528,,,,,,,
528,,,,,,,
528,,,,,,,
528,,,,,,,
528,,,,,,,
528,,,,,,,
528,,,,,,,
528,,,,,,,
528,,,,,,,
528,,,,,,,
528,,,,,,,
528,,,,,,,
528,,,,,,,
528,,,,,,,
528,,,,,,,
528,,,,,,,
528,,,,,,,
528,,,,,,,
528,,,,,,,
528,,,,,,,
528,,,,,,,
528,,,,,,,
528,,,,,,,
528,,,,,,,
528,,,,,,,
528,,,,,,,
528,,,,,,,
528,,,,,,,
528,,,,,,,
528,,,,,,,
528,,,,,,,
528,,,,,,,
528,,,,,,,
528,,,,,,,
528,,,,,,,
528,,,,,,,
528,,,,,,,
528,,,,,,,
528,,,,,,,
528,,,,,,,
528,,,,,,,
528,,,,,,,
528,,,,,,,
528,,,,,,,
528,,,,,,,
528,,,,,,,
528,,,,,,,
528,,,,,,,
528,,,,,,,
528,,,,,,,
528,,,,,,,
528,,,,,,,
528,,,,,,,
528,,,,,,,
528,,,,,,,
528,,,,,,,
528,,,,,,,
528,,,,,,,
528,,,,,,,
528,,,,,,,
528,,,,,,,
528,,,,,,,
528,,,,,,,
528,,,,,,,
528,,,,,,,
528,,,,,,,
528,,,,,,,
528,,,,,,,
528,,,,,,,
528,,,,,,,
528,,,,,,,
528,,,,,,,
528,,,,,,,
528,,,,,,,
528,,,,,,,
528,,,,,,,
528,,,,,,,
528,,,,,,,
528,,,,,,,
528,,,,,,,
528,,,,,,,
528,,,,,,,
528,,,,,,,
528,,,,,,,
528,,,,,,,
528,,,,,,,
528,,,,,,,
528,,,,,,,
528,,,,,,,
528,,,,,,,
528,,,,,,,
528,,,,,,,
528,,,,,,,
528,,,,,,,
528,,,,,,,
528,,,,,,,
528,,,,,,,
528,,,,,,,
528,,,,,,,
528,,,,,,,
528,,,,,,,
528,,,,,,,
528,,,,,,,
528,,,,,,,
528,,,,,,,
528,,,,,,,
528,,,,,,,
528,,,,,,,
528,,,,,,,
528,,,,,,,
528,,,,,,,
528,,,,,,,
528,,,,,,,
528,,,,,,,
528,,,,,,,
528,,,,,,,
528,,,,,,,
528,,,,,,,
528,,,,,,,
528,,,,,,,
528,,,,,,,
528,,,,,,,
528,,,,,,,
528,,,,,,,
528,,,,,,,
528,,,,,,,
528,,,,,,,
528,,,,,,,
528,,,,,,,
528,,,,,,,
528,,,,,,,
528,,,,,,,
528,,,,,,,
528,,,,,,,
528,,,,,,,
528,,,,,,,
528,,,,,,,
528,,,,,,,
528,,,,,,,
528,,,,,,,
528,,,,,,,
528,,,,,,,
528,,,,,,,
528,,,,,,,
528,,,,,,,
528,,,,,,,
528,,,,,,,
528,,,,,,,
528,,,,,,,
528,,,,,,,
528,,,,,,,
528,,,,,,,
528,,,,,,,
528,,,,,,,
528,,,,,,,
528,,,,,,,
528,,,,,,,
528,,,,,,,
528,,,,,,,
528,,,,,,,
528,,,,,,,
528,,,,,,,
528,,,,,,,
528,,,,,,,
528,,,,,,,
528,,,,,,,
528,,,,,,,
528,,,,,,,
528,,,,,,,
528,,,,,,,
528,,,,,,,
528,,,,,,,
528,,,,,,,
528,,,,,,,
528,,,,,,,
528,,,,,,,
528,,,,,,,
528,,,,,,,
528,,,,,,,
528,,,,,,,
528,,,,,,,
528,,,,,,,
528,,,,,,,
528,,,,,,,
528,,,,,,,
528,,,,,,,
528,,,,,,,
528,,,,,,,
528,,,,,,,
528,,,,,,,
528,,,,,,,
528,,,,,,,
528,,,,,,,
528,,,,,,,
528,,,,,,,
528,,,,,,,
528,,,,,,,
528,,,,,,,
528,,,,,,,
528,,,,,,,
528,,,,,,,
528,,,,,,,
528,,,,,,,
528,,,,,,,
528,,,,,,,
528,,,,,,,
528,,,,,,,
528,,,,,,,
528,,,,,,,
528,,,,,,,
528,,,,,,,
528,,,,,,,
528,,,,,,,
528,,,,,,,
528,,,,,,,
528,,,,,,,
528,,,,,,,
528,,,,,,,
528,,,,,,,
528,,,,,,,
528,,,,,,,
528,,,,,,,
528,,,,,,,
528,,,,,,,
528,,,,,,,
528,,,,,,,
528,,,,,,,
528,,,,,,,
528,,,,,,,
528,,,,,,,
528,,,,,,,
528,,,,,,,
528,,,,,,,
528,,,,,,,
528,,,,,,,
528,,,,,,,
528,,,,,,,
528,,,,,,,
528,,,,,,,
528,,,,,,,
528,,,,,,,
528,,,,,,,
528,,,,,,,
528,,,,,,,
528,,,,,,,
528,,,,,,,
528,,,,,,,
528,,,,,,,
528,,,,,,,
528,,,,,,,
528,,,,,,,
528,,,,,,,
528,,,,,,,
528,,,,,,,
528,,,,,,,
528,,,,,,,
528,,,,,,,
528,,,,,,,
528,,,,,,,
528,,,,,,,
528,,,,,,,
528,,,,,,,
528,,,,,,,
528,,,,,,,
528,,,,,,,
528,,,,,,,
528,,,,,,,
528,,,,,,,
528,,,,,,,
528,,,,,,,
528,,,,,,,
528,,,,,,,
528,,,,,,,
528,,,,,,,
528,,,,,,,
528,,,,,,,
528,,,,,,,
528,,,,,,,
528,,,,,,,
528,,,,,,,
528,,,,,,,
528,,,,,,,
528,,,,,,,
528,,,,,,,
528,,,,,,,
528,,,,,,,
528,,,,,,,
528,,,,,,,
528,,,,,,,
528,,,,,,,
528,,,,,,,
528,,,,,,,
528,,,,,,,
528,,,,,,,
528,,,,,,,
528,,,,,,,
528,,,,,,,
528,,,,,,,
528,,,,,,,
528,,,,,,,
528,,,,,,,
528,,,,,,,
528,,,,,,,
528,,,,,,,
528,,,,,,,
528,,,,,,,
528,,,,,,,
528,,,,,,,
528,,,,,,,
528,,,,,,,
528,,,,,,,
528,,,,,,,
528,,,,,,,
528,,,,,,,
528,,,,,,,
528,,,,,,,
528,,,,,,,
528,,,,,,,
528,,,,,,,
528,,,,,,,
528,,,,,,,
528,,,,,,,
528,,,,,,,
528,,,,,,,
528,,,,,,,
528,,,,,,,
528,,,,,,,
528,,,,,,,
528,,,,,,,
528,,,,,,,
528,,,,,,,
528,,,,,,,
528,,,,,,,
528,,,,,,,
528,,,,,,,
528,,,,,,,
528,,,,,,,
528,,,,,,,
528,,,,,,,
528,,,,,,,
528,,,,,,,
528,,,,,,,
528,,,,,,,
528,,,,,,,
528,,,,,,,
528,,,,,,,
528,,,,,,,
528,,,,,,,
528,,,,,,,
528,,,,,,,
528,,,,,,,
528,,,,,,,
528,,,,,,,
528,,,,,,,
528,,,,,,,
528,,,,,,,
528,,,,,,,
528,,,,,,,
528,,,,,,,
528,,,,,,,
528,,,,,,,
528,,,,,,,
528,,,,,,,
528,,,,,,,
528,,,,,,,
528,,,,,,,
528,,,,,,,
528,,,,,,,
528,,,,,,,
528,,,,,,,
528,,,,,,,
528,,,,,,,
528,,,,,,,
528,,,,,,,
528,,,,,,,
528,,,,,,,
528,,,,,,,
528,,,,,,,
528,,,,,,,
528,,,,,,,
528,,,,,,,
528,,,,,,,
528,,,,,,,
528,,,,,,,
528,,,,,,,
528,,,,,,,
528,,,,,,,
528,,,,,,,
528,,,,,,,
528,,,,,,,
528,,,,,,,
528,,,,,,,
528,,,,,,,
528,,,,,,,
528,,,,,,,
528,,,,,,,
528,,,,,,,
528,,,,,,,
528,,,,,,,
528,,,,,,,
528,,,,,,,
528,,,,,,,
528,,,,,,,
528,,,,,,,
528,,,,,,,
528,,,,,,,
528,,,,,,,
528,,,,,,,
528,,,,,,,
528,,,,,,,
528,,,,,,,
528,,,,,,,
528,,,,,,,
528,,,,,,,
528,,,,,,,
528,,,,,,,
528,,,,,,,
528,,,,,,,
528,,,,,,,
528,,,,,,,
528,,,,,,,
528,,,,,,,
528,,,,,,,
528,,,,,,,
528,,,,,,,
528,,,,,,,
528,,,,,,,
528,,,,,,,
528,,,,,,,
528,,,,,,,
528,,,,,,,
528,,,,,,,
528,,,,,,,
528,,,,,,,
528,,,,,,,
528,,,,,,,
528,,,,,,,
528,,,,,,,
528,,,,,,,
528,,,,,,,
528,,,,,,,
528,,,,,,,
528,,,,,,,
528,,,,,,,
528,,,,,,,
528,,,,,,,
528,,,,,,,
528,,,,,,,
528,,,,,,,
528,,,,,,,
528,,,,,,,
528,,,,,,,
528,,,,,,,
528,,,,,,,
528,,,,,,,
528,,,,,,,
528,,,,,,,
528,,,,,,,
528,,,,,,,
528,,,,,,,
528,,,,,,,
528,,,,,,,
528,,,,,,,
528,,,,,,,
528,,,,,,,
528,,,,,,,
528,,,,,,,
528,,,,,,,
528,,,,,,,
528,,,,,,,
528,,,,,,,
528,,,,,,,
528,,,,,,,
528,,,,,,,
528,,,,,,,
528,,,,,,,
528,,,,,,,
528,,,,,,,
528,,,,,,,
528,,,,,,,
528,,,,,,,
528,,,,,,,
528,,,,,,,
528,,,,,,,
528,,,,,,,
528,,,,,,,
528,,,,,,,
528,,,,,,,
528,,,,,,,
528,,,,,,,
528,,,,,,,
528,,,,,,,
528,,,,,,,
528,,,,,,,
528,,,,,,,
528,,,,,,,
528,,,,,,,
528,,,,,,,
528,,,,,,,
528,,,,,,,
528,,,,,,,
528,,,,,,,
528,,,,,,,
528,,,,,,,
528,,,,,,,
528,,,,,,,
528,,,,,,,
528,,,,,,,
528,,,,,,,
528,,,,,,,
528,,,,,,,
528,,,,,,,
528,,,,,,,
528,,,,,,,
528,,,,,,,
528,,,,,,,
528,,,,,,,
528,,,,,,,
528,,,,,,,
528,,,,,,,
528,,,,,,,
528,,,,,,,
528,,,,,,,
528,,,,,,,
528,,,,,,,
528,,,,,,,
528,,,,,,,
528,,,,,,,
528,,,,,,,
528,,,,,,,
528,,,,,,,
528,,,,,,,
528,,,,,,,
528,,,,,,,
528,,,,,,,
528,,,,,,,
528,,,,,,,
528,,,,,,,
528,,,,,,,
528,,,,,,,
528,,,,,,,
528,,,,,,,
528,,,,,,,
528,,,,,,,
528,,,,,,,
528,,,,,,,
528,,,,,,,
528,,,,,,,
528,,,,,,,
528,,,,,,,
528,,,,,,,
528,,,,,,,
528,,,,,,,
528,,,,,,,
528,,,,,,,
528,,,,,,,
528,,,,,,,
528,,,,,,,
528,,,,,,,
528,,,,,,,
528,,,,,,,
528,,,,,,,
528,,,,,,,
528,,,,,,,
528,,,,,,,
528,,,,,,,
528,,,,,,,
528,,,,,,,
528,,,,,,,
528,,,,,,,
528,,,,,,,
528,,,,,,,
528,,,,,,,
528,,,,,,,
528,,,,,,,
528,,,,,,,
528,,,,,,,
528,,,,,,,
528,,,,,,,
528,,,,,,,
528,,,,,,,
528,,,,,,,
528,,,,,,,
528,,,,,,,
528,,,,,,,
528,,,,,,,
528,,,,,,,
528,,,,,,,
528,,,,,,,
528,,,,,,,
528,,,,,,,
528,,,,,,,
528,,,,,,,
528,,,,,,,
528,,,,,,,
528,,,,,,,
528,,,,,,,
528,,,,,,,
528,,,,,,,
528,,,,,,,
528,,,,,,,
528,,,,,,,
528,,,,,,,
528,,,,,,,
528,,,,,,,
528,,,,,,,
528,,,,,,,
528,,,,,,,
528,,,,,,,
528,,,,,,,
528,,,,,,,
528,,,,,,,
528,,,,,,,
528,,,,,,,
528,,,,,,,
528,,,,,,,
528,,,,,,,
528,,,,,,,
528,,,,,,,
528,,,,,,,
528,,,,,,,
528,,,,,,,
528,,,,,,,
528,,,,,,,
528,,,,,,,
528,,,,,,,
528,,,,,,,
528,,,,,,,
528,,,,,,,
528,,,,,,,
528,,,,,,,
528,,,,,,,
528,,,,,,,
528,,,,,,,
528,,,,,,,
528,,,,,,,
528,,,,,,,
528,,,,,,,
528,,,,,,,
528,,,,,,,
528,,,,,,,
528,,,,,,,
528,,,,,,,
528,,,,,,,
528,,,,,,,
528,,,,,,,
528,,,,,,,
528,,,,,,,
528,,,,,,,
528,,,,,,,
528,,,,,,,
528,,,,,,,
528,,,,,,,
528,,,,,,,
528,,,,,,,
528,,,,,,,
528,,,,,,,
528,,,,,,,
528,,,,,,,
528,,,,,,,
528,,,,,,,
528,,,,,,,
528,,,,,,,
528,,,,,,,
528,,,,,,,
528,,,,,,,
528,,,,,,,
528,,,,,,,
528,,,,,,,
528,,,,,,,
528,,,,,,,
528,,,,,,,
528,,,,,,,
528,,,,,,,
528,,,,,,,
528,,,,,,,
528,,,,,,,
528,,,,,,,
528,,,,,,,
528,,,,,,,
528,,,,,,,
528,,,,,,,
528,,,,,,,
528,,,,,,,
528,,,,,,,
528,,,,,,,
528,,,,,,,
528,,,,,,,
528,,,,,,,
528,,,,,,,
528,,,,,,,
528,,,,,,,
528,,,,,,,
528,,,,,,,
528,,,,,,,
528,,,,,,,
528,,,,,,,
528,,,,,,,
528,,,,,,,
528,,,,,,,
528,,,,,,,
528,,,,,,,
528,,,,,,,
528,,,,,,,
528,,,,,,,
528,,,,,,,
528,,,,,,,
528,,,,,,,
528,,,,,,,
528,,,,,,,
528,,,,,,,
528,,,,,,,
528,,,,,,,
528,,,,,,,
528,,,,,,,
528,,,,,,,
528,,,,,,,
528,,,,,,,
528,,,,,,,
528,,,,,,,
528,,,,,,,
528,,,,,,,
528,,,,,,,
528,,,,,,,
528,,,,,,,
528,,,,,,,
528,,,,,,,
528,,,,,,,
528,,,,,,,
528,,,,,,,
528,,,,,,,
528,,,,,,,
528,,,,,,,
528,,,,,,,
528,,,,,,,
528,,,,,,,
528,,,,,,,
528,,,,,,,
528,,,,,,,
528,,,,,,,
528,,,,,,,
528,,,,,,,
528,,,,,,,
528,,,,,,,
528,,,,,,,
528,,,,,,,
528,,,,,,,
528,,,,,,,
528,,,,,,,
528,,,,,,,
528,,,,,,,
528,,,,,,,
528,,,,,,,
528,,,,,,,
528,,,,,,,
528,,,,,,,
528,,,,,,,
528,,,,,,,
528,,,,,,,
528,,,,,,,
528,,,,,,,
528,,,,,,,
528,,,,,,,
528,,,,,,,
528,,,,,,,
528,,,,,,,
528,,,,,,,
528,,,,,,,
528,,,,,,,
528,,,,,,,
528,,,,,,,
528,,,,,,,
528,,,,,,,
528,,,,,,,
528,,,,,,,
528,,,,,,,
528,,,,,,,
528,,,,,,,
528,,,,,,,
528,,,,,,,
528,,,,,,,
528,,,,,,,
528,,,,,,,
528,,,,,,,
528,,,,,,,
528,,,,,,,
528,,,,,,,
528,,,,,,,
528,,,,,,,
528,,,,,,,
528,,,,,,,
528,,,,,,,
528,,,,,,,
528,,,,,,,
528,,,,,,,
528,,,,,,,
528,,,,,,,
528,,,,,,,
528,,,,,,,
528,,,,,,,
528,,,,,,,
528,,,,,,,
528,,,,,,,
528,,,,,,,
528,,,,,,,
528,,,,,,,
528,,,,,,,
528,,,,,,,
528,,,,,,,
528,,,,,,,
528,,,,,,,
528,,,,,,,
528,,,,,,,
528,,,,,,,
528,,,,,,,
528,,,,,,,
528,,,,,,,
528,,,,,,,
528,,,,,,,
528,,,,,,,
528,,,,,,,
528,,,,,,,
528,,,,,,,
528,,,,,,,
528,,,,,,,
528,,,,,,,
528,,,,,,,
528,,,,,,,
528,,,,,,,
528,,,,,,,
528,,,,,,,
528,,,,,,,
528,,,,,,,
528,,,,,,,
528,,,,,,,
528,,,,,,,
528,,,,,,,
528,,,,,,,
528,,,,,,,
528,,,,,,,
528,,,,,,,
528,,,,,,,
528,,,,,,,
528,,,,,,,
528,,,,,,,
528,,,,,,,
528,,,,,,,
528,,,,,,,
528,,,,,,,
528,,,,,,,
528,,,,,,,
528,,,,,,,
528,,,,,,,
528,,,,,,,
528,,,,,,,
528,,,,,,,
528,,,,,,,
528,,,,,,,
528,,,,,,,
528,,,,,,,
528,,,,,,,
528,,,,,,,
528,,,,,,,
528,,,,,,,
528,,,,,,,
528,,,,,,,
528,,,,,,,
528,,,,,,,
528,,,,,,,
528,,,,,,,
528,,,,,,,
528,,,,,,,
528,,,,,,,
528,,,,,,,
528,,,,,,,
528,,,,,,,
528,,,,,,,
528,,,,,,,
528,,,,,,,
528,,,,,,,
528,,,,,,,
528,,,,,,,
528,,,,,,,
528,,,,,,,
528,,,,,,,
528,,,,,,,
528,,,,,,,
528,,,,,,,
528,,,,,,,
528,,,,,,,
528,,,,,,,
528,,,,,,,
528,,,,,,,
528,,,,,,,
528,,,,,,,
528,,,,,,,
528,,,,,,,
528,,,,,,,
528,,,,,,,
528,,,,,,,
528,,,,,,,
528,,,,,,,
528,,,,,,,
528,,,,,,,
528,,,,,,,
528,,,,,,,
528,,,,,,,
528,,,,,,,
528,,,,,,,
528,,,,,,,
528,,,,,,,
528,,,,,,,
528,,,,,,,
528,,,,,,,
528,,,,,,,
528,,,,,,,
528,,,,,,,
528,,,,,,,
528,,,,,,,
528,,,,,,,
528,,,,,,,
528,,,,,,,
528,,,,,,,
528,,,,,,,
528,,,,,,,
528,,,,,,,
528,,,,,,,
528,,,,,,,
528,,,,,,,
528,,,,,,,
528,,,,,,,
528,,,,,,,
528,,,,,,,
528,,,,,,,
528,,,,,,,
528,,,,,,,
528,,,,,,,
528,,,,,,,
528,,,,,,,
528,,,,,,,
528,,,,,,,
528,,,,,,,
528,,,,,,,
528,,,,,,,
528,,,,,,,
528,,,,,,,
528,,,,,,,
528,,,,,,,
528,,,,,,,
528,,,,,,,
528,,,,,,,
528,,,,,,,
528,,,,,,,
528,,,,,,,
528,,,,,,,
528,,,,,,,
528,,,,,,,
528,,,,,,,
528,,,,,,,
528,,,,,,,
528,,,,,,,
528,,,,,,,
528,,,,,,,
528,,,,,,,
528,,,,,,,
528,,,,,,,
528,,,,,,,
528,,,,,,,
528,,,,,,,
528,,,,,,,
528,,,,,,,
528,,,,,,,
528,,,,,,,
528,,,,,,,
528,,,,,,,
528,,,,,,,
528,,,,,,,
528,,,,,,,
528,,,,,,,
528,,,,,,,
528,,,,,,,
528,,,,,,,
528,,,,,,,
528,,,,,,,
528,,,,,,,
528,,,,,,,
528,,,,,,,
528,,,,,,,
528,,,,,,,
528,,,,,,,
528,,,,,,,
528,,,,,,,
528,,,,,,,
528,,,,,,,
528,,,,,,,
528,,,,,,,
528,,,,,,,
528,,,,,,,
528,,,,,,,
528,,,,,,,
528,,,,,,,
528,,,,,,,
528,,,,,,,
528,,,,,,,
528,,,,,,,
528,,,,,,,
528,,,,,,,
528,,,,,,,
528,,,,,,,
528,,,,,,,
528,,,,,,,
528,,,,,,,
528,,,,,,,
528,,,,,,,
528,,,,,,,
528,,,,,,,
528,,,,,,,
528,,,,,,,
528,,,,,,,
528,,,,,,,
528,,,,,,,
528,,,,,,,
528,,,,,,,
528,,,,,,,
528,,,,,,,
528,,,,,,,
528,,,,,,,
528,,,,,,,
528,,,,,,,
528,,,,,,,
528,,,,,,,
528,,,,,,,
528,,,,,,,
528,,,,,,,
528,,,,,,,
528,,,,,,,
528,,,,,,,
528,,,,,,,
528,,,,,,,
